{"total": 0.07168197631835938, "speed": 0.06367111206054688, "version": 2}